<?xml version="1.0" encoding="UTF-8"?>
<metadata xml:lang="fr"><Esri><CreaDate>20200423</CreaDate><CreaTime>15485900</CreaTime><ArcGISFormat>1.0</ArcGISFormat><SyncOnce>FALSE</SyncOnce><DataProperties><itemProps><itemName Sync="TRUE">SelectionByIntensityMajorEarthquankes</itemName><imsContentType Sync="TRUE">002</imsContentType><itemSize Sync="TRUE">0.000</itemSize><itemLocation><linkage Sync="TRUE">file://\\DESKTOP-04V4ITL\C$\EsriTraining\RudnProject\Donnée pour le projet\SelectionByIntensityMajorEarthquankes.shp</linkage><protocol Sync="TRUE">Local Area Network</protocol></itemLocation></itemProps><coordRef><type Sync="TRUE">Geographic</type><geogcsn Sync="TRUE">GCS_WGS_1984</geogcsn><csUnits Sync="TRUE">Angular Unit: Degree (0.017453)</csUnits><peXml Sync="TRUE">&lt;GeographicCoordinateSystem xsi:type='typens:GeographicCoordinateSystem' xmlns:xsi='http://www.w3.org/2001/XMLSchema-instance' xmlns:xs='http://www.w3.org/2001/XMLSchema' xmlns:typens='http://www.esri.com/schemas/ArcGIS/2.5.0'&gt;&lt;WKT&gt;GEOGCS[&amp;quot;GCS_WGS_1984&amp;quot;,DATUM[&amp;quot;D_WGS_1984&amp;quot;,SPHEROID[&amp;quot;WGS_1984&amp;quot;,6378137.0,298.257223563]],PRIMEM[&amp;quot;Greenwich&amp;quot;,0.0],UNIT[&amp;quot;Degree&amp;quot;,0.0174532925199433],AUTHORITY[&amp;quot;EPSG&amp;quot;,4326]]&lt;/WKT&gt;&lt;XOrigin&gt;-400&lt;/XOrigin&gt;&lt;YOrigin&gt;-400&lt;/YOrigin&gt;&lt;XYScale&gt;11258999068426.238&lt;/XYScale&gt;&lt;ZOrigin&gt;-100000&lt;/ZOrigin&gt;&lt;ZScale&gt;10000&lt;/ZScale&gt;&lt;MOrigin&gt;-100000&lt;/MOrigin&gt;&lt;MScale&gt;10000&lt;/MScale&gt;&lt;XYTolerance&gt;8.983152841195215e-09&lt;/XYTolerance&gt;&lt;ZTolerance&gt;0.001&lt;/ZTolerance&gt;&lt;MTolerance&gt;0.001&lt;/MTolerance&gt;&lt;HighPrecision&gt;true&lt;/HighPrecision&gt;&lt;LeftLongitude&gt;-180&lt;/LeftLongitude&gt;&lt;WKID&gt;4326&lt;/WKID&gt;&lt;LatestWKID&gt;4326&lt;/LatestWKID&gt;&lt;/GeographicCoordinateSystem&gt;</peXml></coordRef><lineage><Process ToolSource="c:\users\feu-f\appdata\local\programs\arcgis\pro\Resources\ArcToolbox\toolboxes\Conversion Tools.tbx\FeatureClassToFeatureClass" Date="20200423" Time="154902">FeatureClassToFeatureClass Major_Earthquakes_features\Major_Earthquakes "C:\EsriTraining\RudnProject\Donnée pour le projet" MajorEarthQuakes.shp # "FLAG_TSUNA "Tsunami" true true false 255 Text 0 0,First,#,Major_Earthquakes_features\Major_Earthquakes,FLAG_TSUNAMI,0,255;YEAR "YEAR" true true false 0 Short 0 0,First,#,Major_Earthquakes_features\Major_Earthquakes,YEAR,-1,-1;MONTH "MONTH" true true false 0 Short 0 0,First,#,Major_Earthquakes_features\Major_Earthquakes,MONTH,-1,-1;DAY "DAY" true true false 0 Short 0 0,First,#,Major_Earthquakes_features\Major_Earthquakes,DAY,-1,-1;HOUR "HOUR" true true false 0 Short 0 0,First,#,Major_Earthquakes_features\Major_Earthquakes,HOUR,-1,-1;MINUTE "MINUTE" true true false 0 Short 0 0,First,#,Major_Earthquakes_features\Major_Earthquakes,MINUTE,-1,-1;EQ_PRIMARY "Magnitude" true true false 0 Float 0 0,First,#,Major_Earthquakes_features\Major_Earthquakes,EQ_PRIMARY,-1,-1;INTENSITY "Modified Mercalli Intensity Code" true true false 0 Short 0 0,First,#,Major_Earthquakes_features\Major_Earthquakes,INTENSITY,-1,-1;COUNTRY "COUNTRY" true true false 255 Text 0 0,First,#,Major_Earthquakes_features\Major_Earthquakes,COUNTRY,0,255;STATE "STATE" true true false 255 Text 0 0,First,#,Major_Earthquakes_features\Major_Earthquakes,STATE,0,255;LOCATION_N "Location Name" true true false 255 Text 0 0,First,#,Major_Earthquakes_features\Major_Earthquakes,LOCATION_NAME,0,255;DEATHS "DEATHS" true true false 0 Long 0 0,First,#,Major_Earthquakes_features\Major_Earthquakes,DEATHS,-1,-1;MISSING "MISSING" true true false 0 Short 0 0,First,#,Major_Earthquakes_features\Major_Earthquakes,MISSING,-1,-1;INJURIES "INJURIES" true true false 0 Long 0 0,First,#,Major_Earthquakes_features\Major_Earthquakes,INJURIES,-1,-1;DAMAGE_MIL "DAMAGE_MILLIONS_DOLLARS" true true false 0 Float 0 0,First,#,Major_Earthquakes_features\Major_Earthquakes,DAMAGE_MILLIONS_DOLLARS,-1,-1;HOUSES_DES "HOUSES_DESTROYED" true true false 0 Long 0 0,First,#,Major_Earthquakes_features\Major_Earthquakes,HOUSES_DESTROYED,-1,-1;HOUSES_DAM "HOUSES_DAMAGED" true true false 0 Long 0 0,First,#,Major_Earthquakes_features\Major_Earthquakes,HOUSES_DAMAGED,-1,-1;DEATHS_DES "DEATHS_DESCRIPTION_TXT" true true false 100 Text 0 0,First,#,Major_Earthquakes_features\Major_Earthquakes,DEATHS_DESCRIPTION_TXT,0,100;MISSING_DE "MISSING_DESCRIPTION_TXT" true true false 100 Text 0 0,First,#,Major_Earthquakes_features\Major_Earthquakes,MISSING_DESCRIPTION_TXT,0,100;DAMAGE_DES "DAMAGE_DESCRIPTION_TEXT" true true false 100 Text 0 0,First,#,Major_Earthquakes_features\Major_Earthquakes,DAMAGE_DESCRIPTION_TXT,0,100;HOUSES_D_1 "HOUSES_DESTROYED_DESCRIPTION_TXT" true true false 100 Text 0 0,First,#,Major_Earthquakes_features\Major_Earthquakes,HOUSES_DESTROYED_DESCRIPTION_TX,0,100;HOUSES_D_2 "HOUSES_DAMAGED_DESCRIPTION_TXT" true true false 100 Text 0 0,First,#,Major_Earthquakes_features\Major_Earthquakes,HOUSES_DAMAGED_DESCRIPTION_TXT,0,100;INJURIES_D "INJURIES_DESCRIPTION_TXT" true true false 100 Text 0 0,First,#,Major_Earthquakes_features\Major_Earthquakes,INJURIES_DESCRIPTION_TXT,0,100;DEATHS_LAB "Deaths-Label" true true false 50 Text 0 0,First,#,Major_Earthquakes_features\Major_Earthquakes,DEATHS_LABEL,0,50;DAMAGE_LAB "Damage-Label" true true false 40 Text 0 0,First,#,Major_Earthquakes_features\Major_Earthquakes,DAMAGE_LABEL,0,40;EQ_DATE_LB "Earthquake Date-Label" true true false 30 Text 0 0,First,#,Major_Earthquakes_features\Major_Earthquakes,EQ_DATE_LBL,0,30;INTENSITY_ "Modified Mercalli Intensity-Label" true true false 25 Text 0 0,First,#,Major_Earthquakes_features\Major_Earthquakes,INTENSITY_LBL,0,25" #</Process><Process ToolSource="c:\users\feu-f\appdata\local\programs\arcgis\pro\Resources\ArcToolbox\toolboxes\Conversion Tools.tbx\FeatureClassToFeatureClass" Date="20200423" Time="160155">FeatureClassToFeatureClass MajorEarthQuakes "C:\EsriTraining\RudnProject\Donnée pour le projet" SelectionByIntensityMajorEarthquankes.shp # "FLAG_TSUNA "FLAG_TSUNA" true true false 254 Text 0 0,First,#,MajorEarthQuakes,FLAG_TSUNA,0,254;YEAR "YEAR" true true false 5 Long 0 5,First,#,MajorEarthQuakes,YEAR,-1,-1;MONTH "MONTH" true true false 5 Long 0 5,First,#,MajorEarthQuakes,MONTH,-1,-1;DAY "DAY" true true false 5 Long 0 5,First,#,MajorEarthQuakes,DAY,-1,-1;HOUR "HOUR" true true false 5 Long 0 5,First,#,MajorEarthQuakes,HOUR,-1,-1;MINUTE "MINUTE" true true false 5 Long 0 5,First,#,MajorEarthQuakes,MINUTE,-1,-1;EQ_PRIMARY "EQ_PRIMARY" true true false 13 Float 0 0,First,#,MajorEarthQuakes,EQ_PRIMARY,-1,-1;INTENSITY "INTENSITY" true true false 5 Long 0 5,First,#,MajorEarthQuakes,INTENSITY,-1,-1;COUNTRY "COUNTRY" true true false 254 Text 0 0,First,#,MajorEarthQuakes,COUNTRY,0,254;STATE "STATE" true true false 254 Text 0 0,First,#,MajorEarthQuakes,STATE,0,254;LOCATION_N "LOCATION_N" true true false 254 Text 0 0,First,#,MajorEarthQuakes,LOCATION_N,0,254;DEATHS "DEATHS" true true false 10 Long 0 10,First,#,MajorEarthQuakes,DEATHS,-1,-1;MISSING "MISSING" true true false 5 Long 0 5,First,#,MajorEarthQuakes,MISSING,-1,-1;INJURIES "INJURIES" true true false 10 Long 0 10,First,#,MajorEarthQuakes,INJURIES,-1,-1;DAMAGE_MIL "DAMAGE_MIL" true true false 13 Float 0 0,First,#,MajorEarthQuakes,DAMAGE_MIL,-1,-1;HOUSES_DES "HOUSES_DES" true true false 10 Long 0 10,First,#,MajorEarthQuakes,HOUSES_DES,-1,-1;HOUSES_DAM "HOUSES_DAM" true true false 10 Long 0 10,First,#,MajorEarthQuakes,HOUSES_DAM,-1,-1;DEATHS_DES "DEATHS_DES" true true false 100 Text 0 0,First,#,MajorEarthQuakes,DEATHS_DES,0,100;MISSING_DE "MISSING_DE" true true false 100 Text 0 0,First,#,MajorEarthQuakes,MISSING_DE,0,100;DAMAGE_DES "DAMAGE_DES" true true false 100 Text 0 0,First,#,MajorEarthQuakes,DAMAGE_DES,0,100;HOUSES_D_1 "HOUSES_D_1" true true false 100 Text 0 0,First,#,MajorEarthQuakes,HOUSES_D_1,0,100;HOUSES_D_2 "HOUSES_D_2" true true false 100 Text 0 0,First,#,MajorEarthQuakes,HOUSES_D_2,0,100;INJURIES_D "INJURIES_D" true true false 100 Text 0 0,First,#,MajorEarthQuakes,INJURIES_D,0,100;DEATHS_LAB "DEATHS_LAB" true true false 50 Text 0 0,First,#,MajorEarthQuakes,DEATHS_LAB,0,50;DAMAGE_LAB "DAMAGE_LAB" true true false 40 Text 0 0,First,#,MajorEarthQuakes,DAMAGE_LAB,0,40;EQ_DATE_LB "EQ_DATE_LB" true true false 30 Text 0 0,First,#,MajorEarthQuakes,EQ_DATE_LB,0,30;INTENSITY_ "INTENSITY_" true true false 25 Text 0 0,First,#,MajorEarthQuakes,INTENSITY_,0,25" #</Process></lineage></DataProperties><SyncDate>20200423</SyncDate><SyncTime>16015500</SyncTime><ModDate>20200423</ModDate><ModTime>16015500</ModTime></Esri><dataIdInfo><envirDesc Sync="TRUE">Microsoft Windows 10 Version 10.0 (Build 18363) ; Esri ArcGIS 12.5.0.22081</envirDesc><dataLang><languageCode value="fra" Sync="TRUE"></languageCode><countryCode value="FRA" Sync="TRUE"></countryCode></dataLang><idCitation><resTitle Sync="TRUE">SelectionByIntensityMajorEarthquankes</resTitle><presForm><PresFormCd value="005" Sync="TRUE"></PresFormCd></presForm></idCitation><spatRpType><SpatRepTypCd value="001" Sync="TRUE"></SpatRepTypCd></spatRpType></dataIdInfo><mdLang><languageCode value="fra" Sync="TRUE"></languageCode><countryCode value="FRA" Sync="TRUE"></countryCode></mdLang><mdChar><CharSetCd value="004" Sync="TRUE"></CharSetCd></mdChar><distInfo><distFormat><formatName Sync="TRUE">Shapefile</formatName></distFormat><distTranOps><transSize Sync="TRUE">0.000</transSize></distTranOps></distInfo><mdHrLv><ScopeCd value="005" Sync="TRUE"></ScopeCd></mdHrLv><mdHrLvName Sync="TRUE">dataset</mdHrLvName><refSysInfo><RefSystem><refSysID><identCode code="4326" Sync="TRUE"></identCode><idCodeSpace Sync="TRUE">EPSG</idCodeSpace><idVersion Sync="TRUE">6.14(3.0.1)</idVersion></refSysID></RefSystem></refSysInfo><spatRepInfo><VectSpatRep><geometObjs Name="SelectionByIntensityMajorEarthquankes"><geoObjTyp><GeoObjTypCd value="004" Sync="TRUE"></GeoObjTypCd></geoObjTyp><geoObjCnt Sync="TRUE">0</geoObjCnt></geometObjs><topLvl><TopoLevCd value="001" Sync="TRUE"></TopoLevCd></topLvl></VectSpatRep></spatRepInfo><spdoinfo><ptvctinf><esriterm Name="SelectionByIntensityMajorEarthquankes"><efeatyp Sync="TRUE">Simple</efeatyp><efeageom code="1" Sync="TRUE"></efeageom><esritopo Sync="TRUE">FALSE</esritopo><efeacnt Sync="TRUE">0</efeacnt><spindex Sync="TRUE">FALSE</spindex><linrefer Sync="TRUE">FALSE</linrefer></esriterm></ptvctinf></spdoinfo><eainfo><detailed Name="SelectionByIntensityMajorEarthquankes"><enttyp><enttypl Sync="TRUE">SelectionByIntensityMajorEarthquankes</enttypl><enttypt Sync="TRUE">Feature Class</enttypt><enttypc Sync="TRUE">0</enttypc></enttyp><attr><attrlabl Sync="TRUE">FID</attrlabl><attalias Sync="TRUE">FID</attalias><attrtype Sync="TRUE">OID</attrtype><attwidth Sync="TRUE">4</attwidth><atprecis Sync="TRUE">0</atprecis><attscale Sync="TRUE">0</attscale><attrdef Sync="TRUE">Internal feature number.</attrdef><attrdefs Sync="TRUE">Esri</attrdefs><attrdomv><udom Sync="TRUE">Sequential unique whole numbers that are automatically generated.</udom></attrdomv></attr><attr><attrlabl Sync="TRUE">Shape</attrlabl><attalias Sync="TRUE">Shape</attalias><attrtype Sync="TRUE">Geometry</attrtype><attwidth Sync="TRUE">0</attwidth><atprecis Sync="TRUE">0</atprecis><attscale Sync="TRUE">0</attscale><attrdef Sync="TRUE">Feature geometry.</attrdef><attrdefs Sync="TRUE">Esri</attrdefs><attrdomv><udom Sync="TRUE">Coordinates defining the features.</udom></attrdomv></attr><attr><attrlabl Sync="TRUE">FLAG_TSUNA</attrlabl><attalias Sync="TRUE">FLAG_TSUNA</attalias><attrtype Sync="TRUE">String</attrtype><attwidth Sync="TRUE">254</attwidth><atprecis Sync="TRUE">0</atprecis><attscale Sync="TRUE">0</attscale></attr><attr><attrlabl Sync="TRUE">YEAR</attrlabl><attalias Sync="TRUE">YEAR</attalias><attrtype Sync="TRUE">Integer</attrtype><attwidth Sync="TRUE">5</attwidth><atprecis Sync="TRUE">5</atprecis><attscale Sync="TRUE">0</attscale></attr><attr><attrlabl Sync="TRUE">MONTH</attrlabl><attalias Sync="TRUE">MONTH</attalias><attrtype Sync="TRUE">Integer</attrtype><attwidth Sync="TRUE">5</attwidth><atprecis Sync="TRUE">5</atprecis><attscale Sync="TRUE">0</attscale></attr><attr><attrlabl Sync="TRUE">DAY</attrlabl><attalias Sync="TRUE">DAY</attalias><attrtype Sync="TRUE">Integer</attrtype><attwidth Sync="TRUE">5</attwidth><atprecis Sync="TRUE">5</atprecis><attscale Sync="TRUE">0</attscale></attr><attr><attrlabl Sync="TRUE">HOUR</attrlabl><attalias Sync="TRUE">HOUR</attalias><attrtype Sync="TRUE">Integer</attrtype><attwidth Sync="TRUE">5</attwidth><atprecis Sync="TRUE">5</atprecis><attscale Sync="TRUE">0</attscale></attr><attr><attrlabl Sync="TRUE">MINUTE</attrlabl><attalias Sync="TRUE">MINUTE</attalias><attrtype Sync="TRUE">Integer</attrtype><attwidth Sync="TRUE">5</attwidth><atprecis Sync="TRUE">5</atprecis><attscale Sync="TRUE">0</attscale></attr><attr><attrlabl Sync="TRUE">EQ_PRIMARY</attrlabl><attalias Sync="TRUE">EQ_PRIMARY</attalias><attrtype Sync="TRUE">Single</attrtype><attwidth Sync="TRUE">13</attwidth><atprecis Sync="TRUE">0</atprecis><attscale Sync="TRUE">0</attscale></attr><attr><attrlabl Sync="TRUE">INTENSITY</attrlabl><attalias Sync="TRUE">INTENSITY</attalias><attrtype Sync="TRUE">Integer</attrtype><attwidth Sync="TRUE">5</attwidth><atprecis Sync="TRUE">5</atprecis><attscale Sync="TRUE">0</attscale></attr><attr><attrlabl Sync="TRUE">COUNTRY</attrlabl><attalias Sync="TRUE">COUNTRY</attalias><attrtype Sync="TRUE">String</attrtype><attwidth Sync="TRUE">254</attwidth><atprecis Sync="TRUE">0</atprecis><attscale Sync="TRUE">0</attscale></attr><attr><attrlabl Sync="TRUE">STATE</attrlabl><attalias Sync="TRUE">STATE</attalias><attrtype Sync="TRUE">String</attrtype><attwidth Sync="TRUE">254</attwidth><atprecis Sync="TRUE">0</atprecis><attscale Sync="TRUE">0</attscale></attr><attr><attrlabl Sync="TRUE">LOCATION_N</attrlabl><attalias Sync="TRUE">LOCATION_N</attalias><attrtype Sync="TRUE">String</attrtype><attwidth Sync="TRUE">254</attwidth><atprecis Sync="TRUE">0</atprecis><attscale Sync="TRUE">0</attscale></attr><attr><attrlabl Sync="TRUE">DEATHS</attrlabl><attalias Sync="TRUE">DEATHS</attalias><attrtype Sync="TRUE">Integer</attrtype><attwidth Sync="TRUE">10</attwidth><atprecis Sync="TRUE">10</atprecis><attscale Sync="TRUE">0</attscale></attr><attr><attrlabl Sync="TRUE">MISSING</attrlabl><attalias Sync="TRUE">MISSING</attalias><attrtype Sync="TRUE">Integer</attrtype><attwidth Sync="TRUE">5</attwidth><atprecis Sync="TRUE">5</atprecis><attscale Sync="TRUE">0</attscale></attr><attr><attrlabl Sync="TRUE">INJURIES</attrlabl><attalias Sync="TRUE">INJURIES</attalias><attrtype Sync="TRUE">Integer</attrtype><attwidth Sync="TRUE">10</attwidth><atprecis Sync="TRUE">10</atprecis><attscale Sync="TRUE">0</attscale></attr><attr><attrlabl Sync="TRUE">DAMAGE_MIL</attrlabl><attalias Sync="TRUE">DAMAGE_MIL</attalias><attrtype Sync="TRUE">Single</attrtype><attwidth Sync="TRUE">13</attwidth><atprecis Sync="TRUE">0</atprecis><attscale Sync="TRUE">0</attscale></attr><attr><attrlabl Sync="TRUE">HOUSES_DES</attrlabl><attalias Sync="TRUE">HOUSES_DES</attalias><attrtype Sync="TRUE">Integer</attrtype><attwidth Sync="TRUE">10</attwidth><atprecis Sync="TRUE">10</atprecis><attscale Sync="TRUE">0</attscale></attr><attr><attrlabl Sync="TRUE">HOUSES_DAM</attrlabl><attalias Sync="TRUE">HOUSES_DAM</attalias><attrtype Sync="TRUE">Integer</attrtype><attwidth Sync="TRUE">10</attwidth><atprecis Sync="TRUE">10</atprecis><attscale Sync="TRUE">0</attscale></attr><attr><attrlabl Sync="TRUE">DEATHS_DES</attrlabl><attalias Sync="TRUE">DEATHS_DES</attalias><attrtype Sync="TRUE">String</attrtype><attwidth Sync="TRUE">100</attwidth><atprecis Sync="TRUE">0</atprecis><attscale Sync="TRUE">0</attscale></attr><attr><attrlabl Sync="TRUE">MISSING_DE</attrlabl><attalias Sync="TRUE">MISSING_DE</attalias><attrtype Sync="TRUE">String</attrtype><attwidth Sync="TRUE">100</attwidth><atprecis Sync="TRUE">0</atprecis><attscale Sync="TRUE">0</attscale></attr><attr><attrlabl Sync="TRUE">DAMAGE_DES</attrlabl><attalias Sync="TRUE">DAMAGE_DES</attalias><attrtype Sync="TRUE">String</attrtype><attwidth Sync="TRUE">100</attwidth><atprecis Sync="TRUE">0</atprecis><attscale Sync="TRUE">0</attscale></attr><attr><attrlabl Sync="TRUE">HOUSES_D_1</attrlabl><attalias Sync="TRUE">HOUSES_D_1</attalias><attrtype Sync="TRUE">String</attrtype><attwidth Sync="TRUE">100</attwidth><atprecis Sync="TRUE">0</atprecis><attscale Sync="TRUE">0</attscale></attr><attr><attrlabl Sync="TRUE">HOUSES_D_2</attrlabl><attalias Sync="TRUE">HOUSES_D_2</attalias><attrtype Sync="TRUE">String</attrtype><attwidth Sync="TRUE">100</attwidth><atprecis Sync="TRUE">0</atprecis><attscale Sync="TRUE">0</attscale></attr><attr><attrlabl Sync="TRUE">INJURIES_D</attrlabl><attalias Sync="TRUE">INJURIES_D</attalias><attrtype Sync="TRUE">String</attrtype><attwidth Sync="TRUE">100</attwidth><atprecis Sync="TRUE">0</atprecis><attscale Sync="TRUE">0</attscale></attr><attr><attrlabl Sync="TRUE">DEATHS_LAB</attrlabl><attalias Sync="TRUE">DEATHS_LAB</attalias><attrtype Sync="TRUE">String</attrtype><attwidth Sync="TRUE">50</attwidth><atprecis Sync="TRUE">0</atprecis><attscale Sync="TRUE">0</attscale></attr><attr><attrlabl Sync="TRUE">DAMAGE_LAB</attrlabl><attalias Sync="TRUE">DAMAGE_LAB</attalias><attrtype Sync="TRUE">String</attrtype><attwidth Sync="TRUE">40</attwidth><atprecis Sync="TRUE">0</atprecis><attscale Sync="TRUE">0</attscale></attr><attr><attrlabl Sync="TRUE">EQ_DATE_LB</attrlabl><attalias Sync="TRUE">EQ_DATE_LB</attalias><attrtype Sync="TRUE">String</attrtype><attwidth Sync="TRUE">30</attwidth><atprecis Sync="TRUE">0</atprecis><attscale Sync="TRUE">0</attscale></attr><attr><attrlabl Sync="TRUE">INTENSITY_</attrlabl><attalias Sync="TRUE">INTENSITY_</attalias><attrtype Sync="TRUE">String</attrtype><attwidth Sync="TRUE">25</attwidth><atprecis Sync="TRUE">0</atprecis><attscale Sync="TRUE">0</attscale></attr></detailed></eainfo><mdDateSt Sync="TRUE">20200423</mdDateSt></metadata>
