<metadata xml:lang="fr"><Esri><CreaDate>20200428</CreaDate><CreaTime>17555100</CreaTime><ArcGISFormat>1.0</ArcGISFormat><SyncOnce>FALSE</SyncOnce><DataProperties><itemProps><itemName Sync="TRUE">SignificantVolcanicEruption</itemName><imsContentType Sync="TRUE">002</imsContentType><itemSize Sync="TRUE">0.000</itemSize><itemLocation><linkage Sync="TRUE">file://\\DESKTOP-BII3L1V\C$\Users\mletaill\Documents\RUDN\DATA_PROJECT\SignificantVolcanicEruption.shp</linkage><protocol Sync="TRUE">Local Area Network</protocol></itemLocation></itemProps><coordRef><type Sync="TRUE">Projected</type><geogcsn Sync="TRUE">GCS_WGS_1984</geogcsn><csUnits Sync="TRUE">Linear Unit: Meter (1.000000)</csUnits><projcsn Sync="TRUE">WGS_1984_Web_Mercator_Auxiliary_Sphere</projcsn><peXml Sync="TRUE">&lt;ProjectedCoordinateSystem xsi:type='typens:ProjectedCoordinateSystem' xmlns:xsi='http://www.w3.org/2001/XMLSchema-instance' xmlns:xs='http://www.w3.org/2001/XMLSchema' xmlns:typens='http://www.esri.com/schemas/ArcGIS/2.5.0'&gt;&lt;WKT&gt;PROJCS[&amp;quot;WGS_1984_Web_Mercator_Auxiliary_Sphere&amp;quot;,GEOGCS[&amp;quot;GCS_WGS_1984&amp;quot;,DATUM[&amp;quot;D_WGS_1984&amp;quot;,SPHEROID[&amp;quot;WGS_1984&amp;quot;,6378137.0,298.257223563]],PRIMEM[&amp;quot;Greenwich&amp;quot;,0.0],UNIT[&amp;quot;Degree&amp;quot;,0.0174532925199433]],PROJECTION[&amp;quot;Mercator_Auxiliary_Sphere&amp;quot;],PARAMETER[&amp;quot;False_Easting&amp;quot;,0.0],PARAMETER[&amp;quot;False_Northing&amp;quot;,0.0],PARAMETER[&amp;quot;Central_Meridian&amp;quot;,0.0],PARAMETER[&amp;quot;Standard_Parallel_1&amp;quot;,0.0],PARAMETER[&amp;quot;Auxiliary_Sphere_Type&amp;quot;,0.0],UNIT[&amp;quot;Meter&amp;quot;,1.0],AUTHORITY[&amp;quot;EPSG&amp;quot;,3857]]&lt;/WKT&gt;&lt;XOrigin&gt;-20037700&lt;/XOrigin&gt;&lt;YOrigin&gt;-30241100&lt;/YOrigin&gt;&lt;XYScale&gt;148923141.92838538&lt;/XYScale&gt;&lt;ZOrigin&gt;-100000&lt;/ZOrigin&gt;&lt;ZScale&gt;10000&lt;/ZScale&gt;&lt;MOrigin&gt;-100000&lt;/MOrigin&gt;&lt;MScale&gt;10000&lt;/MScale&gt;&lt;XYTolerance&gt;0.001&lt;/XYTolerance&gt;&lt;ZTolerance&gt;0.001&lt;/ZTolerance&gt;&lt;MTolerance&gt;0.001&lt;/MTolerance&gt;&lt;HighPrecision&gt;true&lt;/HighPrecision&gt;&lt;WKID&gt;102100&lt;/WKID&gt;&lt;LatestWKID&gt;3857&lt;/LatestWKID&gt;&lt;/ProjectedCoordinateSystem&gt;</peXml></coordRef><lineage><Process ToolSource="c:\users\feu-f\appdata\local\programs\arcgis\pro\Resources\ArcToolbox\toolboxes\Conversion Tools.tbx\FeatureClassToFeatureClass" Date="20200428" Time="175553">FeatureClassToFeatureClass Significant_Volcanic_Eruption\Significant_Volcanic_Eruption C:\EsriTraining\01DataProject SignificantVolcanicEruption.shp # "Year "Year" true true false 0 Long 0 0,First,#,Significant_Volcanic_Eruption\Significant_Volcanic_Eruption,Year,-1,-1;Month "Month" true true false 256 Text 0 0,First,#,Significant_Volcanic_Eruption\Significant_Volcanic_Eruption,Month,0,256;Day "Day" true true false 256 Text 0 0,First,#,Significant_Volcanic_Eruption\Significant_Volcanic_Eruption,Day,0,256;TSU "TSU" true true false 256 Text 0 0,First,#,Significant_Volcanic_Eruption\Significant_Volcanic_Eruption,TSU,0,256;EQ "EQ" true true false 256 Text 0 0,First,#,Significant_Volcanic_Eruption\Significant_Volcanic_Eruption,EQ,0,256;Name "Name" true true false 256 Text 0 0,First,#,Significant_Volcanic_Eruption\Significant_Volcanic_Eruption,Name,0,256;Location "Location" true true false 256 Text 0 0,First,#,Significant_Volcanic_Eruption\Significant_Volcanic_Eruption,Location,0,256;Country "Country" true true false 256 Text 0 0,First,#,Significant_Volcanic_Eruption\Significant_Volcanic_Eruption,Country,0,256;Latitude "Latitude" true true false 0 Double 0 0,First,#,Significant_Volcanic_Eruption\Significant_Volcanic_Eruption,Latitude,-1,-1;Longitude "Longitude" true true false 0 Double 0 0,First,#,Significant_Volcanic_Eruption\Significant_Volcanic_Eruption,Longitude,-1,-1;Elevation "Elevation" true true false 0 Long 0 0,First,#,Significant_Volcanic_Eruption\Significant_Volcanic_Eruption,Elevation,-1,-1;Type "Volcano Type" true true false 256 Text 0 0,First,#,Significant_Volcanic_Eruption\Significant_Volcanic_Eruption,Type,0,256;Status "Status" true true false 256 Text 0 0,First,#,Significant_Volcanic_Eruption\Significant_Volcanic_Eruption,Status,0,256;Time "Time" true true false 256 Text 0 0,First,#,Significant_Volcanic_Eruption\Significant_Volcanic_Eruption,Time,0,256;VEI "Volcanic Explosivity Index (VEI)" true true false 0 Long 0 0,First,#,Significant_Volcanic_Eruption\Significant_Volcanic_Eruption,VEI,-1,-1;Agent "Agent" true true false 256 Text 0 0,First,#,Significant_Volcanic_Eruption\Significant_Volcanic_Eruption,Agent,0,256;DEATHS "Deaths" true true false 256 Text 0 0,First,#,Significant_Volcanic_Eruption\Significant_Volcanic_Eruption,DEATHS,0,256;DEATHS_DES "DEATHS_DESCRIPTION" true true false 0 Long 0 0,First,#,Significant_Volcanic_Eruption\Significant_Volcanic_Eruption,DEATHS_DESCRIPTION,-1,-1;MISSING "Missing" true true false 256 Text 0 0,First,#,Significant_Volcanic_Eruption\Significant_Volcanic_Eruption,MISSING,0,256;MISSING_DE "MISSING_DESCRIPTION" true true false 256 Text 0 0,First,#,Significant_Volcanic_Eruption\Significant_Volcanic_Eruption,MISSING_DESCRIPTION,0,256;INJURIES "Injuries" true true false 256 Text 0 0,First,#,Significant_Volcanic_Eruption\Significant_Volcanic_Eruption,INJURIES,0,256;INJURIES_D "INJURIES_DESCRIPTION" true true false 256 Text 0 0,First,#,Significant_Volcanic_Eruption\Significant_Volcanic_Eruption,INJURIES_DESCRIPTION,0,256;DAMAGE_MIL "Damage (Millions Dollars)" true true false 256 Text 0 0,First,#,Significant_Volcanic_Eruption\Significant_Volcanic_Eruption,DAMAGE_MILLIONS_DOLLARS,0,256;DAMAGE_DES "DAMAGE_DESCRIPTION" true true false 0 Long 0 0,First,#,Significant_Volcanic_Eruption\Significant_Volcanic_Eruption,DAMAGE_DESCRIPTION,-1,-1;HOUSES_DES "Houses Destroyed" true true false 256 Text 0 0,First,#,Significant_Volcanic_Eruption\Significant_Volcanic_Eruption,HOUSES_DESTROYED,0,256;HOUSES_D_1 "HOUSES_DESTROYED_DESCRIPTION" true true false 0 Long 0 0,First,#,Significant_Volcanic_Eruption\Significant_Volcanic_Eruption,HOUSES_DESTROYED_DESCRIPTION,-1,-1;TOTAL_DEAT "Total Deaths" true true false 256 Text 0 0,First,#,Significant_Volcanic_Eruption\Significant_Volcanic_Eruption,TOTAL_DEATHS,0,256;TOTAL_DE_1 "TOTAL_DEATHS_DESCRIPTION" true true false 0 Long 0 0,First,#,Significant_Volcanic_Eruption\Significant_Volcanic_Eruption,TOTAL_DEATHS_DESCRIPTION,-1,-1;TOTAL_MISS "Total Missing" true true false 256 Text 0 0,First,#,Significant_Volcanic_Eruption\Significant_Volcanic_Eruption,TOTAL_MISSING,0,256;TOTAL_MI_1 "TOTAL_MISSING_DESCRIPTION" true true false 256 Text 0 0,First,#,Significant_Volcanic_Eruption\Significant_Volcanic_Eruption,TOTAL_MISSING_DESCRIPTION,0,256;TOTAL_INJU "Total Injuries" true true false 256 Text 0 0,First,#,Significant_Volcanic_Eruption\Significant_Volcanic_Eruption,TOTAL_INJURIES,0,256;TOTAL_IN_1 "TOTAL_INJURIES_DESCRIPTION" true true false 256 Text 0 0,First,#,Significant_Volcanic_Eruption\Significant_Volcanic_Eruption,TOTAL_INJURIES_DESCRIPTION,0,256;TOTAL_DAMA "Total Damage (Millions Dollars)" true true false 256 Text 0 0,First,#,Significant_Volcanic_Eruption\Significant_Volcanic_Eruption,TOTAL_DAMAGE_MILLIONS_DOLLARS,0,256;TOTAL_DA_1 "TOTAL_DAMAGE_DESCRIPTION" true true false 0 Long 0 0,First,#,Significant_Volcanic_Eruption\Significant_Volcanic_Eruption,TOTAL_DAMAGE_DESCRIPTION,-1,-1;TOTAL_HOUS "Total Houses Destroyed" true true false 256 Text 0 0,First,#,Significant_Volcanic_Eruption\Significant_Volcanic_Eruption,TOTAL_HOUSES_DESTROYED,0,256;TOTAL_HO_1 "TOTAL_HOUSES_DESTROYED_DESCRIPTION" true true false 0 Long 0 0,First,#,Significant_Volcanic_Eruption\Significant_Volcanic_Eruption,TOTAL_HOUSES_DESTROYED_DESCRIPT,-1,-1" #</Process><Process ToolSource="c:\program files\arcgis\pro\Resources\ArcToolbox\toolboxes\Data Management Tools.tbx\CopyFeatures" Date="20200429" Time="143905">CopyFeatures C:/Users/mletaill/Documents/RUDN/DATA_PROJECT\SignificantVolcanicEruption.shp C:\Users\mletaill\Documents\ArcGIS\Projects\MyProjectV7\out_gdb2.gdb\SignificantVolcanicEruption # # # #</Process><Process ToolSource="c:\program files\arcgis\pro\Resources\ArcToolbox\toolboxes\Conversion Tools.tbx\FeatureClassToFeatureClass" Date="20200429" Time="144036">FeatureClassToFeatureClass SignificantVolcanicEruption C:\Users\mletaill\Documents\RUDN\DATA_PROJECT SignificantVolcanicEruption.shp "Elevation &gt; 0 And VEI &gt;= 1" "Year "Year" true true false 4 Long 0 0,First,#,SignificantVolcanicEruption,Year,-1,-1;Month "Month" true true false 254 Text 0 0,First,#,SignificantVolcanicEruption,Month,0,254;Day "Day" true true false 254 Text 0 0,First,#,SignificantVolcanicEruption,Day,0,254;TSU "TSU" true true false 254 Text 0 0,First,#,SignificantVolcanicEruption,TSU,0,254;EQ "EQ" true true false 254 Text 0 0,First,#,SignificantVolcanicEruption,EQ,0,254;Name "Name" true true false 254 Text 0 0,First,#,SignificantVolcanicEruption,Name,0,254;Location "Location" true true false 254 Text 0 0,First,#,SignificantVolcanicEruption,Location,0,254;Country "Country" true true false 254 Text 0 0,First,#,SignificantVolcanicEruption,Country,0,254;Latitude "Latitude" true true false 8 Double 0 0,First,#,SignificantVolcanicEruption,Latitude,-1,-1;Longitude "Longitude" true true false 8 Double 0 0,First,#,SignificantVolcanicEruption,Longitude,-1,-1;Elevation "Elevation" true true false 4 Long 0 0,First,#,SignificantVolcanicEruption,Elevation,-1,-1;Type "Type" true true false 254 Text 0 0,First,#,SignificantVolcanicEruption,Type,0,254;Status "Status" true true false 254 Text 0 0,First,#,SignificantVolcanicEruption,Status,0,254;Time "Time" true true false 254 Text 0 0,First,#,SignificantVolcanicEruption,Time,0,254;VEI "VEI" true true false 4 Long 0 0,First,#,SignificantVolcanicEruption,VEI,-1,-1;Agent "Agent" true true false 254 Text 0 0,First,#,SignificantVolcanicEruption,Agent,0,254;DEATHS "DEATHS" true true false 254 Text 0 0,First,#,SignificantVolcanicEruption,DEATHS,0,254;DEATHS_DES "DEATHS_DES" true true false 4 Long 0 0,First,#,SignificantVolcanicEruption,DEATHS_DES,-1,-1;MISSING "MISSING" true true false 254 Text 0 0,First,#,SignificantVolcanicEruption,MISSING,0,254;MISSING_DE "MISSING_DE" true true false 254 Text 0 0,First,#,SignificantVolcanicEruption,MISSING_DE,0,254;INJURIES "INJURIES" true true false 254 Text 0 0,First,#,SignificantVolcanicEruption,INJURIES,0,254;INJURIES_D "INJURIES_D" true true false 254 Text 0 0,First,#,SignificantVolcanicEruption,INJURIES_D,0,254;DAMAGE_MIL "DAMAGE_MIL" true true false 254 Text 0 0,First,#,SignificantVolcanicEruption,DAMAGE_MIL,0,254;DAMAGE_DES "DAMAGE_DES" true true false 4 Long 0 0,First,#,SignificantVolcanicEruption,DAMAGE_DES,-1,-1;HOUSES_DES "HOUSES_DES" true true false 254 Text 0 0,First,#,SignificantVolcanicEruption,HOUSES_DES,0,254;HOUSES_D_1 "HOUSES_D_1" true true false 4 Long 0 0,First,#,SignificantVolcanicEruption,HOUSES_D_1,-1,-1;TOTAL_DEAT "TOTAL_DEAT" true true false 254 Text 0 0,First,#,SignificantVolcanicEruption,TOTAL_DEAT,0,254;TOTAL_DE_1 "TOTAL_DE_1" true true false 4 Long 0 0,First,#,SignificantVolcanicEruption,TOTAL_DE_1,-1,-1;TOTAL_MISS "TOTAL_MISS" true true false 254 Text 0 0,First,#,SignificantVolcanicEruption,TOTAL_MISS,0,254;TOTAL_MI_1 "TOTAL_MI_1" true true false 254 Text 0 0,First,#,SignificantVolcanicEruption,TOTAL_MI_1,0,254;TOTAL_INJU "TOTAL_INJU" true true false 254 Text 0 0,First,#,SignificantVolcanicEruption,TOTAL_INJU,0,254;TOTAL_IN_1 "TOTAL_IN_1" true true false 254 Text 0 0,First,#,SignificantVolcanicEruption,TOTAL_IN_1,0,254;TOTAL_DAMA "TOTAL_DAMA" true true false 254 Text 0 0,First,#,SignificantVolcanicEruption,TOTAL_DAMA,0,254;TOTAL_DA_1 "TOTAL_DA_1" true true false 4 Long 0 0,First,#,SignificantVolcanicEruption,TOTAL_DA_1,-1,-1;TOTAL_HOUS "TOTAL_HOUS" true true false 254 Text 0 0,First,#,SignificantVolcanicEruption,TOTAL_HOUS,0,254;TOTAL_HO_1 "TOTAL_HO_1" true true false 4 Long 0 0,First,#,SignificantVolcanicEruption,TOTAL_HO_1,-1,-1" #</Process></lineage></DataProperties><SyncDate>20200429</SyncDate><SyncTime>14403600</SyncTime><ModDate>20200429</ModDate><ModTime>14403600</ModTime></Esri><dataIdInfo><envirDesc Sync="TRUE">Microsoft Windows 10 Version 10.0 (Build 18363) ; Esri ArcGIS 12.5.0.22081</envirDesc><dataLang><languageCode value="fra" Sync="TRUE"></languageCode><countryCode value="FRA" Sync="TRUE"></countryCode></dataLang><idCitation><resTitle Sync="TRUE">SignificantVolcanicEruption</resTitle><presForm><PresFormCd value="005" Sync="TRUE"></PresFormCd></presForm></idCitation><spatRpType><SpatRepTypCd value="001" Sync="TRUE"></SpatRepTypCd></spatRpType></dataIdInfo><mdLang><languageCode value="fra" Sync="TRUE"></languageCode><countryCode value="FRA" Sync="TRUE"></countryCode></mdLang><mdChar><CharSetCd value="004" Sync="TRUE"></CharSetCd></mdChar><distInfo><distFormat><formatName Sync="TRUE">Fichier de formes</formatName></distFormat><distTranOps><transSize Sync="TRUE">0.000</transSize></distTranOps></distInfo><mdHrLv><ScopeCd value="005" Sync="TRUE"></ScopeCd></mdHrLv><mdHrLvName Sync="TRUE">dataset</mdHrLvName><refSysInfo><RefSystem><refSysID><identCode code="3857" Sync="TRUE"></identCode><idCodeSpace Sync="TRUE">EPSG</idCodeSpace><idVersion Sync="TRUE">8.8(9.3.1.2)</idVersion></refSysID></RefSystem></refSysInfo><spatRepInfo><VectSpatRep><geometObjs Name="SignificantVolcanicEruption"><geoObjTyp><GeoObjTypCd value="004" Sync="TRUE"></GeoObjTypCd></geoObjTyp><geoObjCnt Sync="TRUE">0</geoObjCnt></geometObjs><topLvl><TopoLevCd value="001" Sync="TRUE"></TopoLevCd></topLvl></VectSpatRep></spatRepInfo><spdoinfo><ptvctinf><esriterm Name="SignificantVolcanicEruption"><efeatyp Sync="TRUE">Simple</efeatyp><efeageom code="1" Sync="TRUE"></efeageom><esritopo Sync="TRUE">FALSE</esritopo><efeacnt Sync="TRUE">0</efeacnt><spindex Sync="TRUE">FALSE</spindex><linrefer Sync="TRUE">FALSE</linrefer></esriterm></ptvctinf></spdoinfo><eainfo><detailed Name="SignificantVolcanicEruption"><enttyp><enttypl Sync="TRUE">SignificantVolcanicEruption</enttypl><enttypt Sync="TRUE">Feature Class</enttypt><enttypc Sync="TRUE">0</enttypc></enttyp><attr><attrlabl Sync="TRUE">FID</attrlabl><attalias Sync="TRUE">FID</attalias><attrtype Sync="TRUE">OID</attrtype><attwidth Sync="TRUE">4</attwidth><atprecis Sync="TRUE">0</atprecis><attscale Sync="TRUE">0</attscale><attrdef Sync="TRUE">Internal feature number.</attrdef><attrdefs Sync="TRUE">Esri</attrdefs><attrdomv><udom Sync="TRUE">Sequential unique whole numbers that are automatically generated.</udom></attrdomv></attr><attr><attrlabl Sync="TRUE">Shape</attrlabl><attalias Sync="TRUE">Shape</attalias><attrtype Sync="TRUE">Geometry</attrtype><attwidth Sync="TRUE">0</attwidth><atprecis Sync="TRUE">0</atprecis><attscale Sync="TRUE">0</attscale><attrdef Sync="TRUE">Feature geometry.</attrdef><attrdefs Sync="TRUE">Esri</attrdefs><attrdomv><udom Sync="TRUE">Coordinates defining the features.</udom></attrdomv></attr><attr><attrlabl Sync="TRUE">Year</attrlabl><attalias Sync="TRUE">Year</attalias><attrtype Sync="TRUE">Integer</attrtype><attwidth Sync="TRUE">10</attwidth><atprecis Sync="TRUE">10</atprecis><attscale Sync="TRUE">0</attscale></attr><attr><attrlabl Sync="TRUE">Month</attrlabl><attalias Sync="TRUE">Month</attalias><attrtype Sync="TRUE">String</attrtype><attwidth Sync="TRUE">254</attwidth><atprecis Sync="TRUE">0</atprecis><attscale Sync="TRUE">0</attscale></attr><attr><attrlabl Sync="TRUE">Day</attrlabl><attalias Sync="TRUE">Day</attalias><attrtype Sync="TRUE">String</attrtype><attwidth Sync="TRUE">254</attwidth><atprecis Sync="TRUE">0</atprecis><attscale Sync="TRUE">0</attscale></attr><attr><attrlabl Sync="TRUE">TSU</attrlabl><attalias Sync="TRUE">TSU</attalias><attrtype Sync="TRUE">String</attrtype><attwidth Sync="TRUE">254</attwidth><atprecis Sync="TRUE">0</atprecis><attscale Sync="TRUE">0</attscale></attr><attr><attrlabl Sync="TRUE">EQ</attrlabl><attalias Sync="TRUE">EQ</attalias><attrtype Sync="TRUE">String</attrtype><attwidth Sync="TRUE">254</attwidth><atprecis Sync="TRUE">0</atprecis><attscale Sync="TRUE">0</attscale></attr><attr><attrlabl Sync="TRUE">Name</attrlabl><attalias Sync="TRUE">Name</attalias><attrtype Sync="TRUE">String</attrtype><attwidth Sync="TRUE">254</attwidth><atprecis Sync="TRUE">0</atprecis><attscale Sync="TRUE">0</attscale></attr><attr><attrlabl Sync="TRUE">Location</attrlabl><attalias Sync="TRUE">Location</attalias><attrtype Sync="TRUE">String</attrtype><attwidth Sync="TRUE">254</attwidth><atprecis Sync="TRUE">0</atprecis><attscale Sync="TRUE">0</attscale></attr><attr><attrlabl Sync="TRUE">Country</attrlabl><attalias Sync="TRUE">Country</attalias><attrtype Sync="TRUE">String</attrtype><attwidth Sync="TRUE">254</attwidth><atprecis Sync="TRUE">0</atprecis><attscale Sync="TRUE">0</attscale></attr><attr><attrlabl Sync="TRUE">Latitude</attrlabl><attalias Sync="TRUE">Latitude</attalias><attrtype Sync="TRUE">Double</attrtype><attwidth Sync="TRUE">19</attwidth><atprecis Sync="TRUE">0</atprecis><attscale Sync="TRUE">0</attscale></attr><attr><attrlabl Sync="TRUE">Longitude</attrlabl><attalias Sync="TRUE">Longitude</attalias><attrtype Sync="TRUE">Double</attrtype><attwidth Sync="TRUE">19</attwidth><atprecis Sync="TRUE">0</atprecis><attscale Sync="TRUE">0</attscale></attr><attr><attrlabl Sync="TRUE">Elevation</attrlabl><attalias Sync="TRUE">Elevation</attalias><attrtype Sync="TRUE">Integer</attrtype><attwidth Sync="TRUE">10</attwidth><atprecis Sync="TRUE">10</atprecis><attscale Sync="TRUE">0</attscale></attr><attr><attrlabl Sync="TRUE">Type</attrlabl><attalias Sync="TRUE">Type</attalias><attrtype Sync="TRUE">String</attrtype><attwidth Sync="TRUE">254</attwidth><atprecis Sync="TRUE">0</atprecis><attscale Sync="TRUE">0</attscale></attr><attr><attrlabl Sync="TRUE">Status</attrlabl><attalias Sync="TRUE">Status</attalias><attrtype Sync="TRUE">String</attrtype><attwidth Sync="TRUE">254</attwidth><atprecis Sync="TRUE">0</atprecis><attscale Sync="TRUE">0</attscale></attr><attr><attrlabl Sync="TRUE">Time</attrlabl><attalias Sync="TRUE">Time</attalias><attrtype Sync="TRUE">String</attrtype><attwidth Sync="TRUE">254</attwidth><atprecis Sync="TRUE">0</atprecis><attscale Sync="TRUE">0</attscale></attr><attr><attrlabl Sync="TRUE">VEI</attrlabl><attalias Sync="TRUE">VEI</attalias><attrtype Sync="TRUE">Integer</attrtype><attwidth Sync="TRUE">10</attwidth><atprecis Sync="TRUE">10</atprecis><attscale Sync="TRUE">0</attscale></attr><attr><attrlabl Sync="TRUE">Agent</attrlabl><attalias Sync="TRUE">Agent</attalias><attrtype Sync="TRUE">String</attrtype><attwidth Sync="TRUE">254</attwidth><atprecis Sync="TRUE">0</atprecis><attscale Sync="TRUE">0</attscale></attr><attr><attrlabl Sync="TRUE">DEATHS</attrlabl><attalias Sync="TRUE">DEATHS</attalias><attrtype Sync="TRUE">String</attrtype><attwidth Sync="TRUE">254</attwidth><atprecis Sync="TRUE">0</atprecis><attscale Sync="TRUE">0</attscale></attr><attr><attrlabl Sync="TRUE">DEATHS_DES</attrlabl><attalias Sync="TRUE">DEATHS_DES</attalias><attrtype Sync="TRUE">Integer</attrtype><attwidth Sync="TRUE">10</attwidth><atprecis Sync="TRUE">10</atprecis><attscale Sync="TRUE">0</attscale></attr><attr><attrlabl Sync="TRUE">MISSING</attrlabl><attalias Sync="TRUE">MISSING</attalias><attrtype Sync="TRUE">String</attrtype><attwidth Sync="TRUE">254</attwidth><atprecis Sync="TRUE">0</atprecis><attscale Sync="TRUE">0</attscale></attr><attr><attrlabl Sync="TRUE">MISSING_DE</attrlabl><attalias Sync="TRUE">MISSING_DE</attalias><attrtype Sync="TRUE">String</attrtype><attwidth Sync="TRUE">254</attwidth><atprecis Sync="TRUE">0</atprecis><attscale Sync="TRUE">0</attscale></attr><attr><attrlabl Sync="TRUE">INJURIES</attrlabl><attalias Sync="TRUE">INJURIES</attalias><attrtype Sync="TRUE">String</attrtype><attwidth Sync="TRUE">254</attwidth><atprecis Sync="TRUE">0</atprecis><attscale Sync="TRUE">0</attscale></attr><attr><attrlabl Sync="TRUE">INJURIES_D</attrlabl><attalias Sync="TRUE">INJURIES_D</attalias><attrtype Sync="TRUE">String</attrtype><attwidth Sync="TRUE">254</attwidth><atprecis Sync="TRUE">0</atprecis><attscale Sync="TRUE">0</attscale></attr><attr><attrlabl Sync="TRUE">DAMAGE_MIL</attrlabl><attalias Sync="TRUE">DAMAGE_MIL</attalias><attrtype Sync="TRUE">String</attrtype><attwidth Sync="TRUE">254</attwidth><atprecis Sync="TRUE">0</atprecis><attscale Sync="TRUE">0</attscale></attr><attr><attrlabl Sync="TRUE">DAMAGE_DES</attrlabl><attalias Sync="TRUE">DAMAGE_DES</attalias><attrtype Sync="TRUE">Integer</attrtype><attwidth Sync="TRUE">10</attwidth><atprecis Sync="TRUE">10</atprecis><attscale Sync="TRUE">0</attscale></attr><attr><attrlabl Sync="TRUE">HOUSES_DES</attrlabl><attalias Sync="TRUE">HOUSES_DES</attalias><attrtype Sync="TRUE">String</attrtype><attwidth Sync="TRUE">254</attwidth><atprecis Sync="TRUE">0</atprecis><attscale Sync="TRUE">0</attscale></attr><attr><attrlabl Sync="TRUE">HOUSES_D_1</attrlabl><attalias Sync="TRUE">HOUSES_D_1</attalias><attrtype Sync="TRUE">Integer</attrtype><attwidth Sync="TRUE">10</attwidth><atprecis Sync="TRUE">10</atprecis><attscale Sync="TRUE">0</attscale></attr><attr><attrlabl Sync="TRUE">TOTAL_DEAT</attrlabl><attalias Sync="TRUE">TOTAL_DEAT</attalias><attrtype Sync="TRUE">String</attrtype><attwidth Sync="TRUE">254</attwidth><atprecis Sync="TRUE">0</atprecis><attscale Sync="TRUE">0</attscale></attr><attr><attrlabl Sync="TRUE">TOTAL_DE_1</attrlabl><attalias Sync="TRUE">TOTAL_DE_1</attalias><attrtype Sync="TRUE">Integer</attrtype><attwidth Sync="TRUE">10</attwidth><atprecis Sync="TRUE">10</atprecis><attscale Sync="TRUE">0</attscale></attr><attr><attrlabl Sync="TRUE">TOTAL_MISS</attrlabl><attalias Sync="TRUE">TOTAL_MISS</attalias><attrtype Sync="TRUE">String</attrtype><attwidth Sync="TRUE">254</attwidth><atprecis Sync="TRUE">0</atprecis><attscale Sync="TRUE">0</attscale></attr><attr><attrlabl Sync="TRUE">TOTAL_MI_1</attrlabl><attalias Sync="TRUE">TOTAL_MI_1</attalias><attrtype Sync="TRUE">String</attrtype><attwidth Sync="TRUE">254</attwidth><atprecis Sync="TRUE">0</atprecis><attscale Sync="TRUE">0</attscale></attr><attr><attrlabl Sync="TRUE">TOTAL_INJU</attrlabl><attalias Sync="TRUE">TOTAL_INJU</attalias><attrtype Sync="TRUE">String</attrtype><attwidth Sync="TRUE">254</attwidth><atprecis Sync="TRUE">0</atprecis><attscale Sync="TRUE">0</attscale></attr><attr><attrlabl Sync="TRUE">TOTAL_IN_1</attrlabl><attalias Sync="TRUE">TOTAL_IN_1</attalias><attrtype Sync="TRUE">String</attrtype><attwidth Sync="TRUE">254</attwidth><atprecis Sync="TRUE">0</atprecis><attscale Sync="TRUE">0</attscale></attr><attr><attrlabl Sync="TRUE">TOTAL_DAMA</attrlabl><attalias Sync="TRUE">TOTAL_DAMA</attalias><attrtype Sync="TRUE">String</attrtype><attwidth Sync="TRUE">254</attwidth><atprecis Sync="TRUE">0</atprecis><attscale Sync="TRUE">0</attscale></attr><attr><attrlabl Sync="TRUE">TOTAL_DA_1</attrlabl><attalias Sync="TRUE">TOTAL_DA_1</attalias><attrtype Sync="TRUE">Integer</attrtype><attwidth Sync="TRUE">10</attwidth><atprecis Sync="TRUE">10</atprecis><attscale Sync="TRUE">0</attscale></attr><attr><attrlabl Sync="TRUE">TOTAL_HOUS</attrlabl><attalias Sync="TRUE">TOTAL_HOUS</attalias><attrtype Sync="TRUE">String</attrtype><attwidth Sync="TRUE">254</attwidth><atprecis Sync="TRUE">0</atprecis><attscale Sync="TRUE">0</attscale></attr><attr><attrlabl Sync="TRUE">TOTAL_HO_1</attrlabl><attalias Sync="TRUE">TOTAL_HO_1</attalias><attrtype Sync="TRUE">Integer</attrtype><attwidth Sync="TRUE">10</attwidth><atprecis Sync="TRUE">10</atprecis><attscale Sync="TRUE">0</attscale></attr></detailed></eainfo><mdDateSt Sync="TRUE">20200429</mdDateSt></metadata>
